codigo_materia,descripcion,carrera,trayecto,trimestre
A0201,MATEMATICA,AGROALIMENTACION,TRAYECTO INICIAL,1
A0202,INTRODUCCION A LA UNIV. POLITECNICA Y PNF,AGROALIMENTACION,TRAYECTO INICIAL,1
A0203,PROYECTO NACIONAL Y NUEVA CIUDADANIA,AGROALIMENTACION,TRAYECTO INICIAL,1
A1201,PROYECTO FORMATIVO I,AGROALIMENTACION,TRAYECTO I,3
A1202,PRINCIPIOS DE AGROECOLOGIA,AGROALIMENTACION,TRAYECTO I,1 2
A1203,SOCIOHISTORIA DE LA AGRICULTURA LATINOAMERICANA Y DEL CARIBE,AGROALIMENTACION,TRAYECTO I,1
A1204,BIODIVERSIDAD Y SOCIODIVERSIDAD,AGROALIMENTACION,TRAYECTO I,1
A1205,CALCULO GEOMETRICO APLICADO,AGROALIMENTACION,TRAYECTO I,1
A1206,FISICA APLICADA,AGROALIMENTACION,TRAYECTO I,2
A1207,PRINCIPIOS DE BIOLOGIA,AGROALIMENTACION,TRAYECTO I,1
A1208,QUIMICA GENERAL APLICADA,AGROALIMENTACION,TRAYECTO I,1 2
A1209,PRINCIPIOS DE BIOQUIMICA,AGROALIMENTACION,TRAYECTO I,3
A1210,MATEMATICA APLICADA,AGROALIMENTACION,TRAYECTO I,2
A1211,POLITICA Y LEGISLACION AGRARIA,AGROALIMENTACION,TRAYECTO I,3
A1212,BOTANICA FISIOLOGIA VEGETAL,AGROALIMENTACION,TRAYECTO I,2 3
A1213,ZOOLOGIA Y FISIOLOGIA ANIMAL,AGROALIMENTACION,TRAYECTO I,3
A1214,MAQUINARIA EQUIPOS E IMPLEMENTOS AGRICOLAS,AGROALIMENTACION,TRAYECTO I,3
A1215,ACTIVIDAD ACREDITABLE I,AGROALIMENTACION,TRAYECTO I,2
A1216,ANALISIS MATEMATICO,AGROALIMENTACION,TRAYECTO I,3
A2201,PROYECTO FORMATIVO II,AGROALIMENTACION,TRAYECTO II,1 2 3
A2202,TECNICAS Y METODOLOGIAS AGROECOLOGICAS,AGROALIMENTACION,TRAYECTO II,1
A2203,SISTEMAS DE PRODUCCION VEGETAL,AGROALIMENTACION,TRAYECTO II,1 2
A2204,ALIMENTACION Y NUTRICION ANIMAL ALTERNATIVA,AGROALIMENTACION,TRAYECTO II,1 2
A2205,MICROBIOLOGIA,AGROALIMENTACION,TRAYECTO II,1
A2206,DISEMINACION Y REPRODUCCION DE ESPECIES VEGETALES,AGROALIMENTACION,TRAYECTO II,3
A2207,REPRODUCCION DE ESPECIES ANIMALES,AGROALIMENTACION,TRAYECTO II,2 3
A2208,ORGANIZACIONES SOCIOPRODUCTIVAS,AGROALIMENTACION,TRAYECTO II,1
A2209,AGROEPISTEMOLOGIA,AGROALIMENTACION,TRAYECTO II,3
A2210,MICROBIOLOGIA DE ALIMENTOS,AGROALIMENTACION,TRAYECTO II,2
A2211,SUELO ECOLOGIA Y AGRICULTURA,AGROALIMENTACION,TRAYECTO II,2 3
A2212,TOPOGRAFIA,AGROALIMENTACION,TRAYECTO II,1 2
A2213,AGROCLIMATOLOGIA,AGROALIMENTACION,TRAYECTO II,3
A2214,ACTIVIDAD ACREDITABLE II,AGROALIMENTACION,TRAYECTO II,2
A2215,ESTADISTICA,AGROALIMENTACION,TRAYECTO II,3
A3201,PROYECTO FORMATIVO III,AGROALIMENTACION,TRAYECTO III,1 2 3
A3202,GESTION AGROECOLOGICA,AGROALIMENTACION,TRAYECTO III,3
A3203,ECONOMIA SOCIAL,AGROALIMENTACION,TRAYECTO III,2
A3204,MANEJO ECOLOGICO DE INSECTOS Y ENFERMEDADES,AGROALIMENTACION,TRAYECTO III,1 2
A3205,MANEJO SANITARIO ANIMAL,AGROALIMENTACION,TRAYECTO III,1 2
A3206,SISTEMAS DE PRODUCCION ANIMAL,AGROALIMENTACION,TRAYECTO III,2 3
A3207,ECONOMIA ECOLOGICA,AGROALIMENTACION,TRAYECTO III,3
A3208,SISTEMAS DE RIEGO Y DRENAJE,AGROALIMENTACION,TRAYECTO III,1 2
A3209,OPERACIONES BASICAS DDEN TRANSFORMACION DE ALIMENTOS,AGROALIMENTACION,TRAYECTO III,1
A3210,HIGIENE Y CONTROL DE CALIDAD EN LOS ALIMENTOS,AGROALIMENTACION,TRAYECTO III,2
A3211,ACTIVIDAD ACREDITABLE III,AGROALIMENTACION,TRAYECTO III,2
A4201,PROYECTO FORMATIVO IV,AGROALIMENTACION,TRAYECTO IV,1 2 3
A4202,CIENCIA TECNOLOGIA Y SOCIEDAD,AGROALIMENTACION,TRAYECTO IV,1
A4203,SISTEMAS DE INFORMACION GEOGRAFICA,AGROALIMENTACION,TRAYECTO IV,1
A4204,ECOREGIONES,AGROALIMENTACION,TRAYECTO IV,1
A4205,MEJORAMIENTO ANIMAL PARTICIPATIVO,AGROALIMENTACION,TRAYECTO IV,1
A4206,ECOCONSTRUCCIONES,AGROALIMENTACION,TRAYECTO IV,2
A4207,PLANIFICACION ECOREGIONAL,AGROALIMENTACION,TRAYECTO IV,2
A4208,PENSAMIENTO SOCIOPOLITICO LATINOAMERICANO Y DEL CARIBE,AGROALIMENTACION,TRAYECTO IV,3
A4209,FITOMANEJO PARTICIPATIVO,AGROALIMENTACION,TRAYECTO IV,1 2
A4210,PEDAGOGIA POLITICA,AGROALIMENTACION,TRAYECTO IV,3
A4211,SISTEMAS INTEGRALES DE PRODUCCION,AGROALIMENTACION,TRAYECTO IV,3
A4212,ACTIVIDAD ACREDITABLE IV,AGROALIMENTACION,TRAYECTO IV,2
C0201,LA UNIVERSIDAD POLITÉCNICA,MECANICA,TRAYECTO INICIAL,1
C0202,PROYECTO NACIONAL Y NUEVA CIUDADANÍA,MECANICA,TRAYECTO INICIAL,1
C0203,FÍSICA I,MECANICA,TRAYECTO INICIAL,1
C0204,MATEMÁTICA,MECANICA,TRAYECTO INICIAL,1
C0205,TECNOLOGÍA Y SOCIEDAD,MECANICA,TRAYECTO INICIAL,1
C0206,LENGUAJE Y COMUNICACIÓN,MECANICA,TRAYECTO INICIAL,1
C1201,DIBUJO MECÁNICO,MECANICA,TRAYECTO I,1 2
C1202,FÍSICA II,MECANICA,TRAYECTO I,2 3
C1203,CÁLCULO,MECANICA,TRAYECTO I,1 2 3
C1204,FUNDAMENTOS DE PROGRAMACIÓN,MECANICA,TRAYECTO I,3
C1205,ÁLGEBRA,MECANICA,TRAYECTO I,1
C1206,TECNOLOGÍA DE LOS MATERIALES,MECANICA,TRAYECTO I,1 2
C1207,TALLER DE MECANIZADO,MECANICA,TRAYECTO I,2 3
C1208,QUÍMICA,MECANICA,TRAYECTO I,2 3
C1209,ACREDITABLE I (OFIMÁTICA),MECANICA,TRAYECTO I,1
C1210,DIMENSIÓN UNIVERSAL DEL SER HUMANO,MECANICA,TRAYECTO I,0
C1211,PROYECTO SOCIOINTEGRADOR I,MECANICA,TRAYECTO I,3
C2201,DISEÑO DE ELEMENTOS MECÁNICOS,MECANICA,TRAYECTO II,1 2 3
C2202,TALLER DE PROCESOS DE MANUFACTURA CONVENCIONAL Y CNC,MECANICA,TRAYECTO II,1
C2203,TERMODINÁMICA,MECANICA,TRAYECTO II,2 3
C2204,MÁQUINAS HIDRÁULICAS,MECANICA,TRAYECTO II,2 3
C2205,MATEMÁTICA PARA INGENIERÍA,MECANICA,TRAYECTO II,1 2 3
C2206,MECÁNICA APLICADA I,MECANICA,TRAYECTO II,1 2
C2207,MECÁNICA APLICADA II,MECANICA,TRAYECTO II,3
C2208,SOBERANÍA POLÍTICA E INDEPENDENCIA ECONÓMICA,MECANICA,TRAYECTO II,3
C2209,PROYECTO SOCIO INTEGRADOR II (TEG),MECANICA,TRAYECTO II,1 2
C2210,ACREDITABLE (RESISTENCIA DE LOS MATERIALES),MECANICA,TRAYECTO II,1
C3201,DISEÑO DE MÁQUINAS,MECANICA,TRAYECTO III,1 2 3
C3202,MÁQUINAS TÉRMICAS,MECANICA,TRAYECTO III,1 2 3
C3203,PROCESOS ESPECIALES DE MANUFACTURA,MECANICA,TRAYECTO III,1
C3204,PROYECTO DE MANUFACTURA,MECANICA,TRAYECTO III,2
C3205,DISEÑO Y DESARROLLO DE PRODUCTOS,MECANICA,TRAYECTO III,3
C3206,FUNDAMENTOS ELÉCTRICOS,MECANICA,TRAYECTO III,1 2
C3207,INSTALACIONES ELÉCTRICAS,MECANICA,TRAYECTO III,3
C3208,AUTOMATIZACIÓN INDUSTRIAL,MECANICA,TRAYECTO III,2 3
C3209,ACREDITABLE III (ESTADÍSTICA),MECANICA,TRAYECTO III,1
C3210,INGENIERÍA ASISTIDA POR COMPUTADOR,MECANICA,TRAYECTO III,1 2
C3211,CIENCIA TECNOLOGÍA Y SOCIEDAD,MECANICA,TRAYECTO III,3
C4201,GENERACIÓN DE POTENCIA,MECANICA,TRAYECTO IV,1 2
C4202,MANTENIMIENTO,MECANICA,TRAYECTO IV,1
C4203,TÉCNICAS DE MANTENIMIENTO,MECANICA,TRAYECTO IV,2
C4204,CALIDAD,MECANICA,TRAYECTO IV,2
C4205,PRODUCTIVIDAD Y CALIDAD,MECANICA,TRAYECTO IV,2
C4206,MODELOS DE PRODUCCIÓN SOCIAL (ANÁLISIS ECON),MECANICA,TRAYECTO IV,1
C4207,ACREDITABLE IV (IDIOMAS),MECANICA,TRAYECTO IV,2
C4208,ELECTIVA I (INVESTIGACIÓN DE OPERACIONES),MECANICA,TRAYECTO IV,1
C4209,ELECTIVA II (COMPORTAMIENTO ORGANIZACIONAL),MECANICA,TRAYECTO IV,1
C4210,ELECTIVA III. (SEGURIDAD INDUSTRIAL),MECANICA,TRAYECTO IV,2
C4211,PROYECTO SOCIO INTEGRADOR III (TESIS),MECANICA,TRAYECTO IV,1 2
C4212,PROYECTO SOCIO INTEGRADOR IV (PRÁCTICAS PROFESIONALES),MECANICA,TRAYECTO IV,3
E0201,MATEMATICA,ELECTRICIDAD,TRAYECTO INICIAL,1
E0202,PROYECTO NACIONAL Y NUEVA CIUDADANIA,ELECTRICIDAD,TRAYECTO INICIAL,1
E0203,INTRODUCCION A LA UNIV. POLITECNICA Y PNF,ELECTRICIDAD,TRAYECTO INICIAL,1
E0204,FISICA,ELECTRICIDAD,TRAYECTO INICIAL,1
E1201,MATEMATICA I II III,ELECTRICIDAD,TRAYECTO I,1 2 3
E1202,ALGEBRA,ELECTRICIDAD,TRAYECTO I,1
E1203,CIRCUITOS ELECTRICOS I II,ELECTRICIDAD,TRAYECTO I,2 3
E1204,FISICA II,ELECTRICIDAD,TRAYECTO I,1
E1205,QUIMICA APLICADA,ELECTRICIDAD,TRAYECTO I,2
E1206,ELECTRONICA,ELECTRICIDAD,TRAYECTO I,3
E1207,TALLER DE TECNOLOGIA I II III,ELECTRICIDAD,TRAYECTO I,1 2 3
E1208,DIMENSION UNIVERSAL DEL HOMBRE I II, ELECTRICIDAD,TRAYECTO I,1
E1209,PROYECTO I,ELECTRICIDAD,TRAYECTO I,3
E1210,ACREDITABLE I,ELECTRICIDAD,TRAYECTO I,2
E2201,MAQUINAS ELECTRICAS I II,ELECTRICIDAD,TRAYECTO II,1 2
E2202,SISTEMAS INDUSTRIALES,ELECTRICIDAD,TRAYECTO II,3
E2203,TERMODINAMICA Y FLUIDOS,ELECTRICIDAD,TRAYECTO II,2
E2204,MEDICIONES ELECTRICAS,ELECTRICIDAD,TRAYECTO II,1
E2205,INSTRUMENTACION INDUSTRIAL,ELECTRICIDAD,TRAYECTO II,3
E2206,ELECTRONICA DE POTENCIA,ELECTRICIDAD,TRAYECTO II,2
E2207,SISTEMAS DIGITALES,ELECTRICIDAD,TRAYECTO II,1
E2208,SISTEMAS DE DISTRIBUCION ELECTRICAS,ELECTRICIDAD,TRAYECTO II,3
E2209,TALLER DE TECNOLOGIA IV V VI,ELECTRICIDAD,TRAYECTO II,1 2 3
E2210,POLITICAS ENERGETICAS,ELECTRICIDAD,TRAYECTO II,3
E2211,PROYECTO II,ELECTRICIDAD,TRAYECTO II,1 2 3
E2212,ACREDITABLE II,ELECTRICIDAD,TRAYECTO II,3
E2213,MATEMATICA APLICADA A LA INGENIERIA I II,ELECTRICIDAD,TRAYECTO II,1 2
E3201,TEORIA ELECTROMAGNETICA,ELECTRICIDAD,TRAYECTO III,3
E3202,CIRCUITOS ELECTRICOS III,ELECTRICIDAD,TRAYECTO III,1
E3203,TEORIA DE CONTROL,ELECTRICIDAD,TRAYECTO III,2
E3204,INSTALACIONES ELECTRICAS RESIDENCIALES Y COMERCIALES,ELECTRICIDAD,TRAYECTO III,3
E3205,MAQUINAS ELECTRICAS III,ELECTRICIDAD,TRAYECTO III,1
E3206,SISTEMAS ELECTRICOS DE POTENCIA I II,ELECTRICIDAD,TRAYECTO III,2 3
E3207,TALLER DE ELECTRONICA INDUSTRIAL,ELECTRICIDAD,TRAYECTO III,1
E3208,TALLER DE TRANSFORMADORES,ELECTRICIDAD,TRAYECTO III,2
E3209,TALLER DE INSTRUMENTACION I,ELECTRICIDAD,TRAYECTO III,3
E3210,CIENCIA Y TECNOLOGIA I II,ELECTRICIDAD,TRAYECTO III,1
E3211,PROYECTO III,ELECTRICIDAD,TRAYECTO III,1 2 3
E3212,ACREDITABLE III,ELECTRICIDAD,TRAYECTO III,3
E4201,AUTOMATIZACION INDUSTRIAL I II,ELECTRICIDAD,TRAYECTO IV,1 2
E4202,SISTEMAS DE TRANSMISION DE DATOS,ELECTRICIDAD,TRAYECTO IV,3
E4203,DISEÑO DE SISTEMAS ELECTRICOS INDUSTRIALES,ELECTRICIDAD,TRAYECTO IV,1
E4204,REDES DE DISTRIBUCION DE ENERGIA,ELECTRICIDAD,TRAYECTO IV,2
E4205,PROTECCIONES ELECTRICAS EN ALTA TENSION,ELECTRICIDAD,TRAYECTO IV,3
E4206,SISTEMAS DE TRANSMISION DE ENERGIA,ELECTRICIDAD,TRAYECTO IV,1
E4207,SUBESTACIONES ELECTRICAS,ELECTRICIDAD,TRAYECTO IV,2
E4208,TECNICAS DE ALTA TENSION,ELECTRICIDAD,TRAYECTO IV,3
E4209,TALLER DE MEDICIONES ELECTRICAS,ELECTRICIDAD,TRAYECTO IV,1
E4210,TALLER DE SISTEMAS DE MANTENIMIENTO,ELECTRICIDAD,TRAYECTO IV,2
E4211,TALLER DE PROTECCIONES ELECTRICAS,ELECTRICIDAD,TRAYECTO IV,3
E4212,ECONOMIA POLITICA I II III,ELECTRICIDAD,TRAYECTO IV,1
E4213,PROYECTO IV,ELECTRICIDAD,TRAYECTO IV,1 2 3
E4214,ACREDITABLE IV,ELECTRICIDAD,TRAYECTO IV,2
I0201,MATEMÁTICA,INFORMATICA,TRAYECTO INICIAL,1
I0202,PROYECTO NACIONAL Y NUEVA CIUDADANÍA,INFORMATICA,TRAYECTO INICIAL,1
I0203,INTRODUCCIÓN A LOS PROYECTOS Y AL PROGRAMA,INFORMATICA,TRAYECTO INICIAL,1
I1201,MATEMÁTICA I,INFORMATICA,TRAYECTO I,1 2
I1202,ARQUITECTURA DEL COMPUTADOR,INFORMATICA,TRAYECTO I,1
I1203,ELECTIVA I,INFORMATICA,TRAYECTO I,1
I1204,ALGORÍTMICA Y PROGRAMACIÓN I,INFORMATICA,TRAYECTO I,1 2
I1205,ACTIVIDAD ACREDITABLE I,INFORMATICA,TRAYECTO I,2
I1206,FORMACIÓN CRITICA I,INFORMATICA,TRAYECTO I,2
I1207,IDIOMAS I,INFORMATICA,TRAYECTO I,3
I1208,PROYECTO SOCIO TECNOLÓGICO I,INFORMATICA,TRAYECTO I,3
I1209,METODOLOGIA DE LA INVESTIGACION,INFORMATICA,TRAYECTO I,3
I2201,MATEMÁTICA II,INFORMATICA,TRAYECTO II,1 2
I2202,PROGRAMACIÓN II,INFORMATICA,TRAYECTO II,1 2
I2203,REDES DE COMPUTADORAS,INFORMATICA,TRAYECTO II,1
I2204,INGENIERÍA DEL SOFTWARE I,INFORMATICA,TRAYECTO II,1
I2205,BASE DE DATOS,INFORMATICA,TRAYECTO II,1
I2206,PROYECTO SOCIO TECNOLÓGICO II,INFORMATICA,TRAYECTO II,1 2 3
I2207,FORMACIÓN CRITICA II,INFORMATICA,TRAYECTO II,2
I2208,ACREDITABLE II,INFORMATICA,TRAYECTO II,3
I2209,ELECTIVA II (ARDUINO),INFORMATICA,TRAYECTO II,3
I3201,MATEMÁTICA APLICADA,INFORMATICA,TRAYECTO III,1 2
I3202,SISTEMAS OPERATIVOS,INFORMATICA,TRAYECTO III,1
I3203,ELECTIVA III,INFORMATICA,TRAYECTO III,1
I3204,ACTIVIDAD ACREDITABLE III,INFORMATICA,TRAYECTO III,1
I3205,PROYECTO SOCIO TECNOLÓGICO III,INFORMATICA,TRAYECTO III,1 2 3
I3206,MODELADO DE BASE DE DATOS,INFORMATICA,TRAYECTO III,2
I3207,INGENIERÍA DEL SOFTWARE II,INFORMATICA,TRAYECTO III,2
I3208,INVESTIGACIÓN OPERACIONES,INFORMATICA,TRAYECTO III,3
I3209,FORMACIÓN CRITICA III,INFORMATICA,TRAYECTO III,1
I4201,ADMINISTRACIÓN DE BASE DE DATOS,INFORMATICA,TRAYECTO IV,1
I4202,GESTIÓN DE PROYECTOS,INFORMATICA,TRAYECTO IV,1
I4203,AUDITORIA INFORMÁTICA,INFORMATICA,TRAYECTO IV,1
I4204,PROYECTO SOCIO TECNOLÓGICO IV,INFORMATICA,TRAYECTO IV,3
I4205,IDIOMAS II,INFORMATICA,TRAYECTO IV,1
I4206,REDES AVANZADAS,INFORMATICA,TRAYECTO IV,1
I4207,ELECTIVA IV,INFORMATICA,TRAYECTO IV,2
I4208,SEGURIDAD INFORMÁTICA,INFORMATICA,TRAYECTO IV,2
I4209,FORMACIÓN CRITICA IV,INFORMATICA,TRAYECTO IV,2
I4210,ACTIVIDAD ACREDITABLE IV,INFORMATICA,TRAYECTO IV,2
K0201,MATEMATICA,ELECTRONICA,TRAYECTO INICIAL,1
K0202,PROYECTO NACIONAL Y NUEVA CIUDADANIA,ELECTRONICA,TRAYECTO INICIAL,1
K0203,INTRODUCCION A LA UNIV. POLITECNICA Y PNF,ELECTRONICA,TRAYECTO INICIAL,1
K0204,FISICA,ELECTRONICA,TRAYECTO INICIAL,1
K0205,LENGUAJE COMUNICACION Y TECNICAS DE ESTUDIO,ELECTRONICA,TRAYECTO INICIAL,1
K1201,MATEMATICA,ELECTRONICA,TRAYECTO I,1 2 3
K1202,CIRCUITOS ELECTRICOS,ELECTRONICA,TRAYECTO I,1 2
K1203,ELECTRONICA,ELECTRONICA,TRAYECTO I,2 3
K1204,TALLER I,ELECTRONICA,TRAYECTO I,1 2 3
K1205,FORMACION SOCIOCRITICA I,ELECTRONICA,TRAYECTO I,1
K1206,PROYECTO I,ELECTRONICA,TRAYECTO I,3
K1207,ACREDITABLE I,ELECTRONICA,TRAYECTO I,1 2 3
K2201,SISTEMAS DE COMUNICACIONES I,ELECTRONICA,TRAYECTO II,1 2
K2202,SISTEMAS ELECTRÓNICOS ANALOGOS,ELECTRONICA,TRAYECTO II,1 2
K2203,SISTEMAS ELECTRÓNICOS DIGITALES,ELECTRONICA,TRAYECTO II,1 2
K2204,TALLER II,ELECTRONICA,TRAYECTO II,1 2 3
K2205,FORMACION SOCIOCRITICA II,ELECTRONICA,TRAYECTO II,1
K2206,PROYECTO II,ELECTRONICA,TRAYECTO II,1 2 3
K2207,ACREDITABLE II,ELECTRONICA,TRAYECTO II,1 2 3
K3201,MATEMATICA PARA INGENIERIA,ELECTRONICA,TRAYECTO III,1 2 3
K3202,RADIOCOMUNICACIONES,ELECTRONICA,TRAYECTO III,1 2
K3203,SISTEMAS ELECTRONICOS DIGITALES II,ELECTRONICA,TRAYECTO III,1 2
K3204,ELECTRONICA APLICADA A SISTEMAS DE POTENCIA,ELECTRONICA,TRAYECTO III,2 3
K3205,FORMACION SOCIOCRITICA III,ELECTRONICA,TRAYECTO III,3
K3206,PROYECTO III,ELECTRONICA,TRAYECTO III,1 2 3
K3207,ACREDITABLE III,ELECTRONICA,TRAYECTO III,1 2 3
K4201,SISTEMAS DE COMUNICACIONES II,ELECTRONICA,TRAYECTO IV,1 2 3
K4202,ELECTRONICA DE APLICACION COMERCIAL,ELECTRONICA,TRAYECTO IV,1 2
K4203,ELECTROMEDICINA,ELECTRONICA,TRAYECTO IV,1 2
K4204,FORMACION GERENCIAL,ELECTRONICA,TRAYECTO IV,1 2
K4205,PROYECTO IV,ELECTRONICA,TRAYECTO IV,1
K4206,ACREDITABLE IV,ELECTRONICA,TRAYECTO IV,1 2 3
K4207,FORMACION SOCIOCRITICA IV,ELECTRONICA,TRAYECTO IV,3
P0201,MATEMÁTICA,PROCESAMIENTO Y DISTRIBUCION DE ALIMENTOS,TRAYECTO INICIAL,1
P0202,BIOQUIMICA DE LOS ALIMENTOS,PROCESAMIENTO Y DISTRIBUCION DE ALIMENTOS,TRAYECTO INICIAL,1
P0203,QUÍMICA GENERAL,PROCESAMIENTO Y DISTRIBUCION DE ALIMENTOS,TRAYECTO INICIAL,1
P0204,CULTURA ALIMENTARIA,PROCESAMIENTO Y DISTRIBUCION DE ALIMENTOS,TRAYECTO INICIAL,1
P0205,INTRODUCCIÓN A LA UNIVERSIDAD POLITÉCNICA,PROCESAMIENTO Y DISTRIBUCION DE ALIMENTOS,TRAYECTO INICIAL,1
P0206,PROYECTO NACIONAL Y NUEVA CIUDADANÍA,PROCESAMIENTO Y DISTRIBUCION DE ALIMENTOS,TRAYECTO INICIAL,1
P1201,INGLES INSTRUMENTAL,PROCESAMIENTO Y DISTRIBUCION DE ALIMENTOS,TRAYECTO I,1
P1202,ELECTIVA I(EMPAQUES),PROCESAMIENTO Y DISTRIBUCION DE ALIMENTOS,TRAYECTO I,2
P1203,BIOLOGIA,PROCESAMIENTO Y DISTRIBUCION DE ALIMENTOS,TRAYECTO I,1
P1204,MICROBIOLOGIA,PROCESAMIENTO Y DISTRIBUCION DE ALIMENTOS,TRAYECTO I,2
P1205,MICROBIOLOGIA DE ALIMENTOS,PROCESAMIENTO Y DISTRIBUCION DE ALIMENTOS,TRAYECTO I,3
P1206,QUIMICA ANALITICA,PROCESAMIENTO Y DISTRIBUCION DE ALIMENTOS,TRAYECTO I,1
P1207,ANALISIS FISICO-QUIMICO DE LOS ALIMENTOS,PROCESAMIENTO Y DISTRIBUCION DE ALIMENTOS,TRAYECTO I,2
P1208,ANALISIS INSTRUMENTAL,PROCESAMIENTO Y DISTRIBUCION DE ALIMENTOS,TRAYECTO I,3
P1209,INTRODUCCION A LA TECNOLOGIA DE ALIMENTOS,PROCESAMIENTO Y DISTRIBUCION DE ALIMENTOS,TRAYECTO I,1 2
P1210,SEGURIDAD Y SOBERANIA ALIMENTARIA,PROCESAMIENTO Y DISTRIBUCION DE ALIMENTOS,TRAYECTO I,3
P1211,HIGIENE SEGURIDAD Y SANEAMIENTO DE UNIDADES DE PRODUCCION,PROCESAMIENTO Y DISTRIBUCION DE ALIMENTOS,TRAYECTO I,1
P1212,ACREDITABLE I (LEGISLACIÓN),PROCESAMIENTO Y DISTRIBUCION DE ALIMENTOS,TRAYECTO I,2
P1213,ASEGURAMIENTO DE LA CALIDAD,PROCESAMIENTO Y DISTRIBUCION DE ALIMENTOS,TRAYECTO I,3
P1214,MATEMÁTICA I,PROCESAMIENTO Y DISTRIBUCION DE ALIMENTOS,TRAYECTO I,1
P1216,PROYECTO SOCIO INTEGRADOR I,PROCESAMIENTO Y DISTRIBUCION DE ALIMENTOS,TRAYECTO I,3
P2201,PROC Y DIST DE CEREALES LEGUMINOSAS Y OLEAGENOSAS,PROCESAMIENTO Y DISTRIBUCION DE ALIMENTOS,TRAYECTO II,1 2
P2202,PROC Y DIST DE FRUTAS Y HORTALIZAS,PROCESAMIENTO Y DISTRIBUCION DE ALIMENTOS,TRAYECTO II,1 2
P2203,PROCS. Y DIST. D ALIM. ORIG. ANI. CARNICOS I,PROCESAMIENTO Y DISTRIBUCION DE ALIMENTOS,TRAYECTO II,1 2
P2204,PROCS. Y DIST. D ALIM. ORIG. ANI. LACTEOS I,PROCESAMIENTO Y DISTRIBUCION DE ALIMENTOS,TRAYECTO II,1 2
P2205,PROYECTO II,PROCESAMIENTO Y DISTRIBUCION DE ALIMENTOS,TRAYECTO II,1 2 3
P2206,ESTADISTICA DESCRIPTIVA,PROCESAMIENTO Y DISTRIBUCION DE ALIMENTOS,TRAYECTO II,1
P2207,OPERACIONES UNITARIAS I,PROCESAMIENTO Y DISTRIBUCION DE ALIMENTOS,TRAYECTO II,2 3
P2208,ELECTIVA II(COSTOS),PROCESAMIENTO Y DISTRIBUCION DE ALIMENTOS,TRAYECTO II,3
P2209,ACREDITABLE II(FORMULACIÓN Y BATCH DE PRODUCCIÓN),PROCESAMIENTO Y DISTRIBUCION DE ALIMENTOS,TRAYECTO II,3
P3201,DISEÑO INSTALACION Y CONTROL DE UNIDADES DE PRODUCCIÓN DE ALIMENTOS.,PROCESAMIENTO Y DISTRIBUCION DE ALIMENTOS,TRAYECTO III,1 2
P3202,OPERACIONES UNITARIAS II,PROCESAMIENTO Y DISTRIBUCION DE ALIMENTOS,TRAYECTO III,2 3
P3203,DISEÑO DE OPERACIONES DE EQUIPOS I,PROCESAMIENTO Y DISTRIBUCION DE ALIMENTOS,TRAYECTO III,1 2
P3204,ECONOMIA SOCIAL,PROCESAMIENTO Y DISTRIBUCION DE ALIMENTOS,TRAYECTO III,1
P3205,HABILIDADES GENERECIALES,PROCESAMIENTO Y DISTRIBUCION DE ALIMENTOS,TRAYECTO III,2
P3206,FERMENTACIONES Y VINOS,PROCESAMIENTO Y DISTRIBUCION DE ALIMENTOS,TRAYECTO III,2 3
P3207,PROCS. Y DIST. D ALIM. ORIG. ANI. CARNICOS II,PROCESAMIENTO Y DISTRIBUCION DE ALIMENTOS,TRAYECTO III,1 2
P3208,PROCS. Y DIST. D ALIM. ORIG. ANI. LACTEOS II,PROCESAMIENTO Y DISTRIBUCION DE ALIMENTOS,TRAYECTO III,1 2
P3209,ACREDITABLE III(PREPARACIÓN DE SOLUCIONES),PROCESAMIENTO Y DISTRIBUCION DE ALIMENTOS,TRAYECTO III,2 3
P3210,ELECTIVA III DISEÑO ASISTIDO POR EL COMPUTADOR,PROCESAMIENTO Y DISTRIBUCION DE ALIMENTOS,TRAYECTO III,2 3
P4201,DISEÑO DE OPERACIONES DE EQUIPOS II,PROCESAMIENTO Y DISTRIBUCION DE ALIMENTOS,TRAYECTO IV,1 2
P4202,SISTEMAS DE CALIDAD,PROCESAMIENTO Y DISTRIBUCION DE ALIMENTOS,TRAYECTO IV,1
P4203,POLITICAS TECNOLOGICAS INDUSTRIALES Y COMERCIALES,PROCESAMIENTO Y DISTRIBUCION DE ALIMENTOS,TRAYECTO IV,2
P4204,PLANEACION Y DISTRIBUCIÓN LOGISTICA,PROCESAMIENTO Y DISTRIBUCION DE ALIMENTOS,TRAYECTO IV,1
P4205,ELECTIVA IV(TOXICOLOGIA ALIMENTARIA),PROCESAMIENTO Y DISTRIBUCION DE ALIMENTOS,TRAYECTO IV,1
P4206,ACREDITABLE IV (TECNOLOGIA DE GRASAS Y ACEITES),PROCESAMIENTO Y DISTRIBUCION DE ALIMENTOS,TRAYECTO IV,1 2
P4207,ANALISIS DE ALIMENTOS PARA LA INDUSTRIA.,PROCESAMIENTO Y DISTRIBUCION DE ALIMENTOS,TRAYECTO IV,1 2
P4208,PROYECTO IV TESIS,PROCESAMIENTO Y DISTRIBUCION DE ALIMENTOS,TRAYECTO IV,1 2
P4209,PROYECTO III-PRACTICA PROFESIONAL,PROCESAMIENTO Y DISTRIBUCION DE ALIMENTOS,TRAYECTO IV,3
T0201,PROYECTO NACIONAL Y NUEVA CIUDADANIA,CONSTRUCCION CIVIL,TRAYECTO INICIAL,1
T0202,INTRODUCCION A LA UNIV. POLITECNICA Y PNF,CONSTRUCCION CIVIL,TRAYECTO INICIAL,1
T0203,MATEMATICA INICIAL,CONSTRUCCION CIVIL,TRAYECTO INICIAL,1
T0204,CONSTRUCCION CIVIL Y SOCIEDAD,CONSTRUCCION CIVIL,TRAYECTO INICIAL,1
T1201,PROYECTOS I,CONSTRUCCION CIVIL,TRAYECTO I,3
T1202,FORMACION SOCIO CRITICA I,CONSTRUCCION CIVIL,TRAYECTO I,1
T1203,MATEMÁTICA I,CONSTRUCCION CIVIL,TRAYECTO I,1 2 3
T1204,QUÍMICA GENERAL,CONSTRUCCION CIVIL,TRAYECTO I,1
T1205,FÍSICA APLICADA,CONSTRUCCION CIVIL,TRAYECTO I,2
T1206,MECÁNICA,CONSTRUCCION CIVIL,TRAYECTO I,3
T1207,TOPOGRAFIA,CONSTRUCCION CIVIL,TRAYECTO I,1 2 3
T1208,EXPRESIÓN GRÁFICA Y DIBUJO DE PROYECTOS,CONSTRUCCION CIVIL,TRAYECTO I,1 2 3
T1209,ACREDITABLE I (REDACION DE INFORME ),CONSTRUCCION CIVIL,TRAYECTO I,1
T2201,PROYECTOS II,CONSTRUCCION CIVIL,TRAYECTO II,1 2 3
T2202,FORMACION SOCIO CRITICA II,CONSTRUCCION CIVIL,TRAYECTO II,1
T2203,PLANIFICACION Y CONTROL DE OBRAS (GESTION DE OBRAS SOSTENIBLE),CONSTRUCCION CIVIL,TRAYECTO II,1
T2204,ADMINISTRACION DE OBRAS,CONSTRUCCION CIVIL,TRAYECTO II,2 3
T2205,ESTRUCTURAS I,CONSTRUCCION CIVIL,TRAYECTO II,3
T2206,TECNOLOGÍA DE LA CONSTRUCCIÓN,CONSTRUCCION CIVIL,TRAYECTO II,2
T2207,RESISTENCIA DE MATERIALES,CONSTRUCCION CIVIL,TRAYECTO II,1
T2208,MECÁNICA DE SUELOS,CONSTRUCCION CIVIL,TRAYECTO II,1 2
T2209,VIALIDAD I,CONSTRUCCION CIVIL,TRAYECTO II,3
T2210,ELECTRICIDAD Y MECÁNICA,CONSTRUCCION CIVIL,TRAYECTO II,1
T2211,HIDRAULICA I,CONSTRUCCION CIVIL,TRAYECTO II,1
T2212,INSTALACIONES SANITARIAS Y GAS,CONSTRUCCION CIVIL,TRAYECTO II,2 3
T2213,ANÁLISIS ESTADÍSTICO,CONSTRUCCION CIVIL,TRAYECTO II,3
T2214,ACREDITABLE II (INSPECCION DE OBRAS I),CONSTRUCCION CIVIL,TRAYECTO II,1
T3201,FORMACION SOCIO CRITICA III,CONSTRUCCION CIVIL,TRAYECTO III,1
T3202,DISEÑO Y ANALISIS ESTRUCTURAL,CONSTRUCCION CIVIL,TRAYECTO III,1 2
T3203,FUNDACIONES Y MUROS,CONSTRUCCION CIVIL,TRAYECTO III,3
T3204,VIALIDAD II,CONSTRUCCION CIVIL,TRAYECTO III,1
T3205,DISEÑO VIAL,CONSTRUCCION CIVIL,TRAYECTO III,2
T3206,GEOLOGÍA APLICADA,CONSTRUCCION CIVIL,TRAYECTO III,3
T3207,ACUEDUCTOS CLOACAS Y DRENAJES,CONSTRUCCION CIVIL,TRAYECTO III,1 2
T3208,ECONOMIA Y GERENCIA DE PROYECTOS,CONSTRUCCION CIVIL,TRAYECTO III,3
T3209,ACREDITABLE III,CONSTRUCCION CIVIL,TRAYECTO III,3
T4201,PROYECTOS IV,CONSTRUCCION CIVIL,TRAYECTO IV,1 2
T4202,PROYECTO III -PASANTIAS,CONSTRUCCION CIVIL,TRAYECTO IV,2 3
T4203,FORMACION SOCIO CRITICA IV,CONSTRUCCION CIVIL,TRAYECTO IV,1
T4204,URBANISMO Y EDIFICACIONES,CONSTRUCCION CIVIL,TRAYECTO IV,1 2
T4205,MANTENIMIENTO DE OBRAS CIVILES,CONSTRUCCION CIVIL,TRAYECTO IV,1 2
T4206,ACERO Y MADERA CONCRETO ARMADO,CONSTRUCCION CIVIL,TRAYECTO IV,1 2
T4207,OBRAS HIDRAULICAS,CONSTRUCCION CIVIL,TRAYECTO IV,1 2
T4208,ACREDITABLE IV (INSPECCION DE OBRAS II ),CONSTRUCCION CIVIL,TRAYECTO IV,1
D0201,ADMINISTRACION EN EL NUEVO MODELO SOCIAL,ADMINISTRACION,TRAYECTO INICIAL,1
D0202,PROYECTO NACIONAL Y NUEVA CIUDADANIA,ADMINISTRACION,TRAYECTO INICIAL,1
D0203,MATEMATICA PARA LA ADMINISTRACION,ADMINISTRACION,TRAYECTO INICIAL,1
D0204,DESARROLLO INTEGRAL,ADMINISTRACION,TRAYECTO INICIAL,1
D0205,GESTION DE RIESGO Y PROTECCION CIVIL,ADMINISTRACION,TRAYECTO INICIAL,1
D1201,FUNDAMENTOS DE LA ADMINISTRACION,ADMINISTRACION,TRAYECTO I,1 2 3
D1202,TECNOLOGIA DE INFORMACION Y COMUNICACION,ADMINISTRACION,TRAYECTO I,1
D1203,TEORIA PRACTICA DEL MERCADEO,ADMINISTRACION,TRAYECTO I,2
D1204,DEBERES FORMALES DEL CONTRIBUYENTE,ADMINISTRACION,TRAYECTO I,3
D1205,CONTABILIDAD I,ADMINISTRACION,TRAYECTO I,1 2 3
D1206,FORMACION SOCIO CRITICA I,ADMINISTRACION,TRAYECTO I,1
D1207,MARCO JURIDICO I,ADMINISTRACION,TRAYECTO I,3
D1208,PROYECTO I,ADMINISTRACION,TRAYECTO I,2
D1209,OPERACIONES FINANCIERAS,ADMINISTRACION,TRAYECTO I,1
D1210,IDIOMAS I,ADMINISTRACION,TRAYECTO I,2
D1211,DEPORTE ARTE Y RECREACIÓN,ADMINISTRACION,TRAYECTO I,3
D1212,EXPRESION ORAL Y ESCRITAS,ADMINISTRACION,TRAYECTO I,1
D1213,ESTADISTICA I,ADMINISTRACION,TRAYECTO I,2
D1214,ELECTIVA I,ADMINISTRACION,TRAYECTO I,3
D2201,ORGANIZACION Y SISTEMAS,ADMINISTRACION,TRAYECTO II,1 2
D2202,PRESUPUESTO PUBLICO Y PRIVADO I,ADMINISTRACION,TRAYECTO II,3
D2203,GESTION DEL TALENTO HUMANO,ADMINISTRACION,TRAYECTO II,1
D2204,GESTION ECOLOGICO AMBIENTAL,ADMINISTRACION,TRAYECTO II,2
D2205,ELECTIVA II,ADMINISTRACION,TRAYECTO II,3
D2206,CONTABILIDAD II,ADMINISTRACION,TRAYECTO II,1 2
D2207,FORMACION SOCIO-CRITICA II,ADMINISTRACION,TRAYECTO II,1
D2208,MARCO JURIDICO II,ADMINISTRACION,TRAYECTO II,2
D2209,PROYECTO SOCIOINTEGRADOR II,ADMINISTRACION,TRAYECTO II,3
D2210,DEBERES FORMALES DEL CONTRIBUYENTE (TP) I.S.R.L,ADMINISTRACION,TRAYECTO II,1
D2212,ADMINISTRACION DE COSTOS,ADMINISTRACION,TRAYECTO II,2
D2213,FUNDAMENTOS DE LA ECONOMIA,ADMINISTRACION,TRAYECTO II,1
D2214,HABILIDADES DIRECTIVAS I,ADMINISTRACION,TRAYECTO II,2
D2215,PRACTICAS PROFESIONALES,ADMINISTRACION,TRAYECTO II,3
D3201,FORMACION SOCIOCRITICA III,ADMINISTRACION,TRAYECTO III,1
D3202,PROYECTO III,ADMINISTRACION,TRAYECTO III,3
D3203,PLANIFICACION Y GESTION,ADMINISTRACION,TRAYECTO III,1
D3204,ANALISIS E INTERPRETACION DE ESTADOS FINANCIEROS,ADMINISTRACION,TRAYECTO III,1 2
D3205,ADMINISTRACION DE LA PRODUCCION,ADMINISTRACION,TRAYECTO III,1 2
D3206,SISTEMAS ADMINISTRATIVOS,ADMINISTRACION,TRAYECTO III,3
D3207,ESTADISTICA II,ADMINISTRACION,TRAYECTO III,1 2
D3208,ADMINISTRACION DE MERCADEO,ADMINISTRACION,TRAYECTO III,3
D3209,CONTABILIDAD GUBERNAMENTAL,ADMINISTRACION,TRAYECTO III,2
D3210,HABILIDADES DIRECTIVAS II,ADMINISTRACION,TRAYECTO III,1
D3211,ADMINISTRACION DE COSTOS II,ADMINISTRACION,TRAYECTO III,2
D3212,ELECTIVA III,ADMINISTRACION,TRAYECTO III,3
D3213,IDIOMAS II,ADMINISTRACION,TRAYECTO III,2
D3214,DEPORTE ARTE Y RECREACIÓN,ADMINISTRACION,TRAYECTO III,3
D4201,PROYECTO IV,ADMINISTRACION,TRAYECTO IV,3
D4202,CONTROL DE GESTIÓN ADMINISTRATIVA,ADMINISTRACION,TRAYECTO IV,1
D4203,PAQUETES INFORMÁTICOS APLICADOS A LA ADMINISTRACIÓN (TP),ADMINISTRACION,TRAYECTO IV,1 2
D4204,AUDITORIA ADMINISTRATIVA,ADMINISTRACION,TRAYECTO IV,3
D4205,ADMINISTRACIÓN FINANCIERA,ADMINISTRACION,TRAYECTO IV,2
D4206,SISTEMAS FINANCIEROS,ADMINISTRACION,TRAYECTO IV,1
D4207,FORMULACIÓN Y EVALUACIÓN DE PROYECTOS,ADMINISTRACION,TRAYECTO IV,1 2
D4208,GESTIÓN PUBLICA,ADMINISTRACION,TRAYECTO IV,1
D4209,INVESTIGACIÓN DE OPERACIONES (TP),ADMINISTRACION,TRAYECTO IV,1 2
D4210,ELECTIVA IV,ADMINISTRACION,TRAYECTO IV,2
D4211,FORMACION SOCIOCRITICA IV,ADMINISTRACION,TRAYECTO IV,1 2
D4213,PRACTICAS PROFESIONALES,ADMINISTRACION,TRAYECTO IV,3
V0001,INTRODUCCIÓN A LA UNIVERSIDAD Y AL PNF EN MEDICINA VETERINARIA,VETERINARIA,TRAYECTO INICIAL,-
V0002,PROYECTO NACIONAL NUEVA CIUDADANÍA LECTURA Y COMPRENSIÓN,VETERINARIA,TRAYECTO INICIAL,-
V0003,CIENCIAS BÁSICAS Y TECNOLOGÍA,VETERINARIA,TRAYECTO INICIAL, -
V0004,BIOLOGIA,VETERINARIA,TRAYECTO INICIAL,-
V0005,QUIMICA,VETERINARIA,TRAYECTO INICIAL,-
V1201,ANATOMIA DE LOS ANIMALES I,VETERINARIA,SEMESTRE I,-
V1202,HISTOLOGÍA VETERINARIA,VETERINARIA,SEMESTRE I,-
V1203,SISTEMA DE PRODUCCIÓN ANIMAL I,VETERINARIA,SEMESTRE I,-
V1204,BIOQUIMICA I,VETERINARIA,SEMESTRE I,-
V1205,ESTADÍSTICA DESCRIPTIVA,VETERINARIA,SEMESTRE I,-
V1206,PASTOS Y FORRAJES,VETERINARIA,SEMESTRE I,-
V1207,PROYECTO I,VETERINARIA,SEMESTRE II,-
V1208,ANATOMIA DE LOS ANIMALES DOMÉSTICOS II,VETERINARIA,SEMESTRE II,-
V1209,HISTOLOGÍA Y EMBRIOLOGIA,VETERINARIA,SEMESTRE II,-
V1210,SISTEMA DE PRODUCCIÓN ANIMAL II,VETERINARIA,SEMESTRE II,-
V1211,BIOQUIMICA II,VETERINARIA,SEMESTRE II,-
V1212,ALIMENTACIÓN Y NUTRICIÓN DEL ANIMAL MONOGÁSTRICO,VETERINARIA,SEMESTRE II,-
V1213,ELECTIVA I (USO Y APROVECHAMIENTO DE DESECHOS ORG.),VETERINARIA,SEMESTRE II,-
V1214,INGLES TÉCNICO I,VETERINARIA,SEMESTRE II,-
V1215,ACREDITABLE,VETERINARIA,SEMESTRE II,-
V2201,FISIOLOGIA ANIMAL BÁSICA,VETERINARIA,SEMESTRE III,-
V2202,MANEJO DE SISTEMAS DE PRODUCCIÓN ANIMAL I,VETERINARIA,SEMESTRE III,-
V2203,ALIMENTACIÓN Y NUTRICIÓN DE POLIGÁSTRICOS,VETERINARIA,SEMESTRE III,-
V2204,MICROBIOLOGIA VETERINARIA,VETERINARIA,SEMESTRE III,-
V2205,PARASITOLOGIA Y ENFERMEDADES PARASITARIAS,VETERINARIA,SEMESTRE III,-
V2206,ACTIVIDAD RECREATIVA Y CULTURAL,VETERINARIA,SEMESTRE III,-
V2207,ELECTIVA II (ORIENTACIÓN E INTEGRACIÓN PSICOSOCIAL),VETERINARIA,SEMESTRE III,-
V2208,FISIOLOGIA ANIMAL APLICADA,VETERINARIA,TRAYECTO II (SEMESTRE IV),-
V2209,INMUNOLOGÍA,VETERINARIA,TRAYECTO II (SEMESTRE IV),-
V2210,BIOESTADISTICA,VETERINARIA,TRAYECTO II (SEMESTRE IV),-
V2211,FARMACOLOGÍA Y TOXICOLOGIA,VETERINARIA,TRAYECTO II (SEMESTRE IV),-
V2212,MANEJO DE SISTEMAS DE PRODUCCIÓN ANIMAL II,VETERINARIA,TRAYECTO II (SEMESTRE IV),-
V2213,GENÉTICA,VETERINARIA,TRAYECTO II (SEMESTRE IV),-
V2214,INGLÉS TECNICO II,VETERINARIA,TRAYECTO II (SEMESTRE IV),-
V2215,PROYECTO II,VETERINARIA,TRAYECTO II (SEMESTRE IV),-
V2216,ACREDITABLE II,VETERINARIA,TRAYECTO II (SEMESTRE IV),-
V3201,MEJORAMIENTO GENÉTICO,VETERINARIA,SEMESTRE V,-
V3202,ENFERMEDADES INFECTO-CONTAGIOSAS,VETERINARIA,SEMESTRE V,-
V3203,SEMIOLOGÍA,VETERINARIA,SEMESTRE V,-
V3204,ANATOMÍA PATOLÓGICA,VETERINARIA,SEMESTRE V,-
V3205,LABORATORIO CLINICO,VETERINARIA,SEMESTRE V,-
V3206,ÉTICA Y DEONTOLOGÍA VETERINARIA,VETERINARIA,SEMESTRE V,-
V3207,IMAGENOLOGÍA ANIMAL,VETERINARIA,SEMESTRE V,-
V3208,PRÁCTICA PROFESIONAL I,VETERINARIA,SEMESTRE VI,-
V3209,SALUD PÚBLICA,VETERINARIA,SEMESTRE VI,-
V3210,CIRUGÍA I INSTRUMENTACIÓN,VETERINARIA,SEMESTRE VI,-
V3211,INTRODUCCIÓN A LA CLÍNICA VETERINARIA,VETERINARIA,SEMESTRE VI,-
V3212,REPRODUCCIÓN ANIMAL I,VETERINARIA,SEMESTRE VI,-
V3213,ENFERMEDADES NO INFECCIOSAS,VETERINARIA,SEMESTRE VI,-
V3214,PROYECTO III,VETERINARIA,SEMESTRE VI,-
V4201,EPIDEMIOLOGÍA,VETERINARIA,SEMESTRE VII,-
V4202,HIGIENE DE LOS ALIMENTOS,VETERINARIA,SEMESTRE VII,-
V4203,CLINICA I,VETERINARIA,SEMESTRE VII,-
V4204,CIRUGÍA II,VETERINARIA,SEMESTRE VII,-
V4205,REPRODUCCIÓN ANIMAL II,VETERINARIA,SEMESTRE VII,-
V4206,INGLÉS TÉCNICO III,VETERINARIA,SEMESTRE VII,-
V4207,ELECTIVA III: FAUNA SILVESTRE,VETERINARIA,SEMESTRE VII,-
V4208,PROYECTO IV,VETERINARIA,SEMESTRE VIII,-
V4209,PREVENCIÓN Y RIESGO EN LA PROFESIÓN,VETERINARIA,SEMESTRE VIII,-
V4210,CLINICA II,VETERINARIA,SEMESTRE VIII,-
V4211,MEDICINA DE RUMIANTES,VETERINARIA,SEMESTRE VIII,-
V4212,INDUSTRIA DE PRODUCTOS CÁRNICOS,VETERINARIA,SEMESTRE VIII,-
V4213,GESTIÓN AGROPECUARIA,VETERINARIA,SEMESTRE VIII,-
V4214,ELECTIVA IV: PRODUCCIÓN DE BÚFALOS,VETERINARIA,SEMESTRE VIII,-
V4215,ACREDITABLE III,VETERINARIA,SEMESTRE VIII,-
V5201,MEDICINA EN EQUINOS CANINOS Y OTRAS ESPECIES,VETERINARIA,SEMESTRE IX,-
V5202,LEGISLACIÓN VETERINARIA,VETERINARIA,SEMESTRE IX,-
V5203,BIOTECNOLOGÍA EN CIENCIAS VETERINARIAS,VETERINARIA,SEMESTRE IX,-
V5204,INDUSTRIA DE PRODUCTOS LÁCTEOS,VETERINARIA,SEMESTRE IX,-
V5205,PROYECTO V,VETERINARIA,SEMESTRE X,-
V5206,PRACTICAS PROFESIONAL II,VETERINARIA,SEMESTRE X,-
V5207,MEDICINA DE CERDOS Y AVES,VETERINARIA,SEMESTRE X,-
V5208,TERAPIAS ALTERNATIVAS EN MEDICINA VETERINARIA,VETERINARIA,SEMESTRE X,-
V5209,ACREDITABLE IV,VETERINARIA,SEMESTRE X,-
M0201,MATEMATICA,MANTENIMIENTO,TRAYECTO INICIAL,1
M0202,PROYECTO NACIONAL Y NUEVA CIUDADANIA,MANTENIMIENTO,TRAYECTO INICIAL,1
M0203,INTRODUCCION A LA UNIV. POLITECNICA Y PNF,MANTENIMIENTO,TRAYECTO INICIAL,1
M0204,TECNOLOGIA DE LA INF. Y COM.,MANTENIMIENTO,TRAYECTO INICIAL,1
M0205,FISICA,MANTENIMIENTO,TRAYECTO INICIAL,1
M1201,ANALISIS MATEMATICO I II III,MANTENIMIENTO,TRAYECTO I,1 2 3
M1202,INTRODUCCION AL MANTENIMIENTO,MANTENIMIENTO,TRAYECTO I,1
M1203,RESISTENCIA DE MATERIALES,MANTENIMIENTO,TRAYECTO I,3
M1204,DIBUJO I II,MANTENIMIENTO,TRAYECTO I,1 2
M1205,TECNOLOGIA DE FABRICACION,MANTENIMIENTO,TRAYECTO I,3
M1206,QUIMICA,MANTENIMIENTO,TRAYECTO I,1
M1207,PROYECTO SOCIO INTEGRADOR -METODLOGIA,MANTENIMIENTO,TRAYECTO I,3
M1208,FORMACION SOCIOCRITICA I,MANTENIMIENTO,TRAYECTO I,1
M1209,MECANICA APLICADA,MANTENIMIENTO,TRAYECTO I,2
M1210,TECNOLOGIA DE LOS MATERIALES,MANTENIMIENTO,TRAYECTO I,2
M1211,DEPORTES,MANTENIMIENTO,TRAYECTO I,2
M1212,CORROSION,MANTENIMIENTO,TRAYECTO I,3
M1213,ACREDITABLE I,MANTENIMIENTO,TRAYECTO I,3
M2201,ESTADISTICA,MANTENIMIENTO,TRAYECTO II,1 2
M2202,GESTION DE MANTENIMIENTO,MANTENIMIENTO,TRAYECTO II,1 2
M2203,TALLER DE MANTENIMIENTO,MANTENIMIENTO,TRAYECTO II,1 2
M2204,TERMODINAMICA,MANTENIMIENTO,TRAYECTO II,1 2
M2205,MECANICA DE FLUIDOS,MANTENIMIENTO,TRAYECTO II,2
M2206,FORMACION SOCIOCRITICA,MANTENIMIENTO,TRAYECTO II,2
M2207,INSTRUMENTACION INDUSTRIAL,MANTENIMIENTO,TRAYECTO II,3
M2208,PRODUCTIVIDAD Y CALIDAD,MANTENIMIENTO,TRAYECTO II,3
M2209,ELECTROTECNIA,MANTENIMIENTO,TRAYECTO II,3
M2210,TRIBOLOGIA,MANTENIMIENTO,TRAYECTO II,3
M2211,PROYECTO SOCIO INTEGRADOR II,MANTENIMIENTO,TRAYECTO II,1 2 3
M2212,ACREDITABLE II,MANTENIMIENTO,TRAYECTO II,2
M2213,MATEMATICA APLICADA,MANTENIMIENTO,TRAYECTO II,1
M3201,FUNDAMENTOS LEGALES PARA EL MANTENIMIENTO,MANTENIMIENTO,TRAYECTO III,1
M3202,SISTEMAS PRODUCTIVOS APLICADOS AL MANTENIMIENTO,MANTENIMIENTO,TRAYECTO III,1 2
M3203,PROCESAMIENTO DE DATOS,MANTENIMIENTO,TRAYECTO III,1
M3204,ESTADISTICA APLICADA AL MANTENIMIENTO,MANTENIMIENTO,TRAYECTO III,2
M3205,ORGANIZACION METODOS Y SISTEMAS ADMINISTRATIVOS EN MANTENIMIENTO,MANTENIMIENTO,TRAYECTO III,2
M3206,SISTEMAS DE INFORMACION,MANTENIMIENTO,TRAYECTO III,2
M3207,INVESTIGACION DE OPERACIONES,MANTENIMIENTO,TRAYECTO III,3
M3208,ANALISIS DE ALTERNATIVAS ECONOMICAS,MANTENIMIENTO,TRAYECTO III,3
M3209,PROCESOS INDUSTRIALES,MANTENIMIENTO,TRAYECTO III,3
M3210,AUTOMATIZACION DE LA GESTION ADMINISTRATIVA DEL MANTENIMIENTO,MANTENIMIENTO,TRAYECTO III,3
M3211,PROYECTO SOCIO INTEGRADOR III,MANTENIMIENTO,TRAYECTO III,1 2 3
M3212,FORMACION SOCIOCRITICA III,MANTENIMIENTO,TRAYECTO III,1
M3213,ACREDITABLE III,MANTENIMIENTO,TRAYECTO III,3
M4201,DESARROLLO ORGANIZACIONAL,MANTENIMIENTO,TRAYECTO IV,1
M4202,CONFIABILIDAD DE SISTEMAS PRODUCTIVOS,MANTENIMIENTO,TRAYECTO IV,1
M4203,PROCESOS DE MANUFACTURAS,MANTENIMIENTO,TRAYECTO IV,1
M4204,INSPECCION Y DIAGNOSTICO EN EL MANTENIMIENTO,MANTENIMIENTO,TRAYECTO IV,1
M4205,PROYECTO SOCIO INTEGRADOR IV,MANTENIMIENTO,TRAYECTO IV,1 2 3
M4206,FORMACION SOCIOCRITICA IV,MANTENIMIENTO,TRAYECTO IV,2
M4207,PLANIFICACION Y PROGRAMACION,MANTENIMIENTO,TRAYECTO IV,2
M4208,LOGISTICA DE MANTENIMIENTO,MANTENIMIENTO,TRAYECTO IV,2
M4209,GESTION AMBIENTAL,MANTENIMIENTO,TRAYECTO IV,2
M4210,TECNOLOGIA DE ANALISIS DE FALLAS,MANTENIMIENTO,TRAYECTO IV,2
M4211,GESTION DE ASEGURAMIENTO DE LA CALIDAD DE SERVICIO DE MANTENIMIENTO,MANTENIMIENTO,TRAYECTO IV,3
M4212,GESTION TECNOLOGICA,MANTENIMIENTO,TRAYECTO IV,3
M4213,GESTION DE MANTENIMIENTO II,MANTENIMIENTO,TRAYECTO IV,3
M4214,ACREDITABLE IV,MANTENIMIENTO,TRAYECTO IV,1
G0201,MATEMATICA,GEOCIENCIAS,TRAYECTO INICIAL,1
G0202,PROYECTO NACIONAL Y NUEVA CIUDADANIA,GEOCIENCIAS,TRAYECTO INICIAL,1
G0203,INTRODUCCION A LA UNIV. POLITECNICA Y PNF,GEOCIENCIAS,TRAYECTO INICIAL,1
G0204,DEPORTE SALUD RECREACION Y CULTURA,GEOCIENCIAS,TRAYECTO INICIAL,1
G0205,LECTURA Y REDACCION DE TEXTOS,GEOCIENCIAS,TRAYECTO INICIAL,1
G1201,MATEMATICA,GEOCIENCIAS,TRAYECTO I,1 2 3
G1202,QUIMICA,GEOCIENCIAS,TRAYECTO I,1 2
G1203,TOPOGRAFIA,GEOCIENCIAS,TRAYECTO I,1 2 3
G1204,GEOLOGIA GENERAL,GEOCIENCIAS,TRAYECTO I,1 2 3
G1205,DIMENSION HUMANA,GEOCIENCIAS,TRAYECTO I,2
G1206,ACREDITABLE I,GEOCIENCIAS,TRAYECTO I,1
G1207,PROYECTO I,GEOCIENCIAS,TRAYECTO I,3
G2201,PETROLOGIA,GEOCIENCIAS,TRAYECTO II,1 2 3
G2202,CARTOGRAFIA GEOLOGICA,GEOCIENCIAS,TRAYECTO II,1 2 3
G2203,FISICA,GEOCIENCIAS,TRAYECTO II,1 2
G2204,MINERIA,GEOCIENCIAS,TRAYECTO II,1 2 3
G2205,ESTRATIGRAFIA,GEOCIENCIAS,TRAYECTO II,1 2 3
G2206,ELECTIVA I,GEOCIENCIAS,TRAYECTO II,1
G2207,PROYECTO II,GEOCIENCIAS,TRAYECTO II,1 2 3
G2208,ACREDITABLE II,GEOCIENCIAS,TRAYECTO II,3
G3201,YACIMIENTOS MINERALES,GEOCIENCIAS,TRAYECTO III,1 2 3
G3202,EXPLORACION,GEOCIENCIAS,TRAYECTO III,1 2 3
G3203,GEOMECANICA,GEOCIENCIAS,TRAYECTO III,1 2 3
G3204,MINERIA II,GEOCIENCIAS,TRAYECTO III,1 2 3
G3205,AMBIENTE,GEOCIENCIAS,TRAYECTO III,1 2
G3206,ACREDITABLE III,GEOCIENCIAS,TRAYECTO III,3
G3207,PROYECTO III,GEOCIENCIAS,TRAYECTO III,1 2 3
G3208,FORMACION SOCIOCRITICA III,GEOCIENCIAS,TRAYECTO III,1
G4201,GEOLOGIA DE VENEZUELA,GEOCIENCIAS,TRAYECTO IV,1 2 3
G4202,GEOLOGIA DE LOS HIDROCARBUROS,GEOCIENCIAS,TRAYECTO IV,1 2 3
G4203,HIDROLOGIA,GEOCIENCIAS,TRAYECTO IV,1 2 3
G4204,BENEFICIO MINERAL,GEOCIENCIAS,TRAYECTO IV,1 2
G4205,GERENCIA,GEOCIENCIAS,TRAYECTO IV,1
G4206,ELECTIVA IV,GEOCIENCIAS,TRAYECTO IV,2
G4207,PROYECTO IV,GEOCIENCIAS,TRAYECTO IV,1 2 3
G4208,ACREDITABLE IV,GEOCIENCIAS,TRAYECTO IV,3
G4209,FORMACION SOCIOCRITICA IV,GEOCIENCIAS,TRAYECTO IV,1